task_id,initial_state,final_state
task_0,fail,pass
task_1,fail,pass
task_2,fail,pass
task_3,fail,pass
task_4,fail,pass
task_5,fail,pass
task_6,fail,pass
task_7,fail,pass
task_8,fail,pass
task_9,fail,pass
task_10,fail,pass
task_11,fail,pass
task_12,fail,pass
task_13,fail,pass
task_14,fail,pass
task_15,fail,pass
task_16,fail,pass
task_17,fail,pass
task_18,fail,pass
task_19,fail,pass
task_20,fail,pass
task_21,fail,pass
task_22,fail,pass
task_23,fail,pass
task_24,fail,pass
task_25,fail,pass
task_26,fail,pass
task_27,fail,pass
task_28,fail,pass
task_29,fail,pass
task_30,fail,pass
task_31,fail,pass
task_32,fail,pass
task_33,fail,pass
task_34,fail,pass
task_35,fail,pass
task_36,fail,pass
task_37,fail,pass
task_38,fail,pass
task_39,fail,pass
task_40,fail,pass
task_41,fail,pass
task_42,fail,pass
task_43,fail,pass
task_44,fail,pass
task_45,fail,pass
task_46,fail,pass
task_47,fail,pass
task_48,fail,pass
task_49,fail,pass
task_50,fail,pass
task_51,fail,pass
task_52,fail,pass
task_53,fail,pass
task_54,fail,pass
task_55,fail,pass
task_56,fail,pass
task_57,fail,pass
task_58,fail,pass
task_59,fail,pass
task_60,fail,pass
task_61,fail,pass
task_62,fail,pass
task_63,fail,pass
task_64,fail,pass
task_65,fail,pass
task_66,fail,pass
task_67,fail,pass
task_68,fail,pass
task_69,fail,pass
task_70,fail,pass
task_71,fail,pass
task_72,fail,pass
task_73,fail,pass
task_74,fail,pass
task_75,fail,pass
task_76,fail,pass
task_77,fail,pass
task_78,fail,pass
task_79,fail,pass
task_80,fail,pass
task_81,fail,pass
task_82,fail,pass
task_83,fail,pass
task_84,fail,pass
task_85,fail,pass
task_86,fail,pass
task_87,fail,pass
task_88,fail,pass
task_89,fail,pass
task_90,fail,pass
task_91,fail,pass
task_92,fail,pass
task_93,fail,pass
task_94,fail,pass
task_95,fail,pass
task_96,fail,pass
task_97,fail,pass
task_98,fail,pass
task_99,fail,pass
task_100,fail,pass
task_101,fail,pass
task_102,fail,pass
task_103,fail,pass
task_104,fail,pass
task_105,fail,pass
task_106,fail,pass
task_107,fail,pass
task_108,fail,pass
task_109,fail,pass
task_110,fail,pass
task_111,fail,pass
task_112,fail,pass
task_113,fail,pass
task_114,fail,pass
task_115,fail,pass
task_116,fail,pass
task_117,fail,pass
task_118,fail,pass
task_119,fail,pass
task_120,fail,pass
task_121,fail,pass
task_122,fail,pass
task_123,fail,pass
task_124,fail,pass
task_125,fail,pass
task_126,fail,pass
task_127,fail,pass
task_128,fail,pass
task_129,fail,pass
task_130,fail,pass
task_131,fail,pass
task_132,fail,pass
task_133,fail,pass
task_134,fail,pass
task_135,fail,pass
task_136,fail,pass
task_137,fail,pass
task_138,fail,pass
task_139,fail,pass
task_140,fail,pass
task_141,fail,pass
task_142,fail,pass
task_143,fail,pass
task_144,fail,pass
task_145,fail,pass
task_146,fail,pass
task_147,fail,pass
task_148,fail,pass
task_149,fail,pass
task_150,fail,pass
task_151,fail,pass
task_152,fail,pass
task_153,fail,pass
task_154,fail,pass
task_155,fail,pass
task_156,fail,pass
task_157,fail,pass
task_158,fail,pass
task_159,fail,pass
task_160,fail,pass
task_161,fail,pass
task_162,fail,pass
task_163,fail,pass
task_164,fail,pass
task_165,fail,pass
task_166,fail,pass
task_167,fail,pass
task_168,fail,pass
task_169,fail,pass
task_170,fail,pass
task_171,fail,pass
task_172,fail,pass
task_173,fail,pass
task_174,fail,pass
task_175,fail,pass
task_176,fail,pass
task_177,fail,pass
task_178,fail,pass
task_179,fail,pass
task_180,fail,pass
task_181,fail,pass
task_182,fail,pass
task_183,fail,pass
task_184,fail,pass
task_185,fail,pass
task_186,fail,pass
task_187,fail,pass
task_188,fail,pass
task_189,fail,pass
task_190,fail,pass
task_191,fail,pass
task_192,fail,pass
task_193,fail,pass
task_194,fail,pass
task_195,fail,pass
task_196,fail,pass
task_197,fail,pass
task_198,fail,pass
task_199,fail,pass
task_200,fail,pass
task_201,fail,pass
task_202,fail,pass
task_203,fail,pass
task_204,fail,pass
task_205,fail,pass
task_206,fail,pass
task_207,fail,pass
task_208,fail,pass
task_209,fail,pass
task_210,fail,pass
task_211,fail,pass
task_212,fail,pass
task_213,fail,pass
task_214,fail,pass
task_215,fail,pass
task_216,fail,pass
task_217,fail,pass
task_218,fail,pass
task_219,fail,pass
task_220,fail,pass
task_221,fail,pass
task_222,fail,pass
task_223,fail,pass
task_224,fail,pass
task_225,fail,pass
task_226,fail,pass
task_227,fail,pass
task_228,fail,pass
task_229,fail,pass
task_230,fail,pass
task_231,fail,pass
task_232,fail,pass
task_233,fail,pass
task_234,fail,pass
task_235,fail,pass
task_236,fail,pass
task_237,fail,pass
task_238,fail,pass
task_239,fail,pass
task_240,fail,pass
task_241,fail,pass
task_242,fail,pass
task_243,fail,pass
task_244,fail,pass
task_245,fail,pass
task_246,fail,pass
task_247,fail,pass
task_248,fail,pass
task_249,fail,pass
task_250,fail,pass
task_251,fail,pass
task_252,fail,pass
task_253,fail,pass
task_254,fail,pass
task_255,fail,pass
task_256,fail,pass
task_257,fail,pass
task_258,fail,pass
task_259,fail,pass
task_260,fail,pass
task_261,fail,pass
task_262,fail,pass
task_263,fail,pass
task_264,fail,pass
task_265,fail,pass
task_266,fail,pass
task_267,fail,pass
task_268,fail,pass
task_269,fail,pass
task_270,fail,pass
task_271,fail,pass
task_272,fail,pass
task_273,fail,pass
task_274,fail,pass
task_275,fail,pass
task_276,fail,pass
task_277,fail,pass
task_278,fail,pass
task_279,fail,pass
task_280,fail,pass
task_281,fail,pass
task_282,fail,pass
task_283,fail,pass
task_284,fail,pass
task_285,fail,pass
task_286,fail,pass
task_287,fail,pass
task_288,fail,pass
task_289,fail,pass
task_290,fail,pass
task_291,fail,pass
task_292,fail,pass
task_293,fail,pass
task_294,fail,pass
task_295,fail,pass
task_296,fail,pass
task_297,fail,pass
task_298,fail,pass
task_299,fail,pass
task_300,fail,pass
task_301,fail,pass
task_302,fail,pass
task_303,fail,pass
task_304,fail,pass
task_305,fail,pass
task_306,fail,pass
task_307,fail,pass
task_308,fail,pass
task_309,fail,pass
task_310,fail,pass
task_311,fail,pass
task_312,fail,pass
task_313,fail,pass
task_314,fail,pass
task_315,fail,pass
task_316,fail,pass
task_317,fail,pass
task_318,fail,pass
task_319,fail,pass
task_320,fail,pass
task_321,fail,pass
task_322,fail,pass
task_323,fail,pass
task_324,fail,pass
task_325,fail,pass
task_326,fail,pass
task_327,fail,pass
task_328,fail,pass
task_329,fail,pass
task_330,fail,pass
task_331,fail,pass
task_332,fail,pass
task_333,fail,pass
task_334,fail,pass
task_335,fail,pass
task_336,fail,pass
task_337,fail,pass
task_338,fail,pass
task_339,fail,pass
task_340,fail,pass
task_341,fail,pass
task_342,fail,pass
task_343,fail,pass
task_344,fail,pass
task_345,fail,pass
task_346,fail,pass
task_347,fail,pass
task_348,fail,pass
task_349,fail,pass
task_350,fail,pass
task_351,fail,pass
task_352,fail,pass
task_353,fail,pass
task_354,fail,pass
task_355,fail,pass
task_356,fail,pass
task_357,fail,pass
task_358,fail,pass
task_359,fail,pass
task_360,fail,pass
task_361,fail,pass
task_362,fail,pass
task_363,fail,pass
task_364,fail,pass
task_365,fail,pass
task_366,fail,pass
task_367,fail,pass
task_368,fail,pass
task_369,fail,pass
task_370,fail,pass
task_371,fail,pass
task_372,fail,pass
task_373,fail,pass
task_374,fail,pass
task_375,fail,pass
task_376,fail,pass
task_377,fail,pass
task_378,fail,pass
task_379,fail,pass
task_380,fail,pass
task_381,fail,pass
task_382,fail,pass
task_383,fail,pass
task_384,fail,pass
task_385,fail,pass
task_386,fail,pass
task_387,fail,pass
task_388,fail,pass
task_389,fail,pass
task_390,fail,pass
task_391,fail,pass
task_392,fail,pass
task_393,fail,pass
task_394,fail,pass
task_395,fail,pass
task_396,fail,pass
task_397,fail,pass
task_398,fail,pass
task_399,fail,pass
task_400,fail,pass
task_401,fail,pass
task_402,fail,pass
task_403,fail,pass
task_404,fail,pass
task_405,fail,pass
task_406,fail,pass
task_407,fail,pass
task_408,fail,pass
task_409,fail,pass
task_410,fail,pass
task_411,fail,pass
task_412,fail,pass
task_413,fail,pass
task_414,fail,pass
task_415,fail,pass
task_416,fail,pass
task_417,fail,pass
task_418,fail,pass
task_419,fail,pass
task_420,fail,pass
task_421,fail,pass
task_422,fail,pass
task_423,fail,pass
task_424,fail,pass
task_425,fail,pass
task_426,fail,pass
task_427,fail,pass
task_428,fail,pass
task_429,fail,pass
task_430,fail,pass
task_431,fail,pass
task_432,fail,pass
task_433,fail,pass
task_434,fail,pass
task_435,fail,pass
task_436,fail,pass
task_437,fail,pass
task_438,fail,pass
task_439,fail,pass
task_440,fail,pass
task_441,fail,pass
task_442,fail,pass
task_443,fail,pass
task_444,fail,pass
task_445,fail,pass
task_446,fail,pass
task_447,fail,pass
task_448,fail,pass
task_449,fail,pass
task_450,fail,pass
task_451,fail,pass
task_452,fail,pass
task_453,fail,pass
task_454,fail,pass
task_455,fail,pass
task_456,fail,pass
task_457,fail,pass
task_458,fail,pass
task_459,fail,pass
task_460,fail,pass
task_461,fail,pass
task_462,fail,pass
task_463,fail,pass
task_464,fail,pass
task_465,fail,pass
task_466,fail,pass
task_467,fail,pass
task_468,fail,pass
task_469,fail,pass
task_470,fail,pass
task_471,fail,pass
task_472,fail,pass
task_473,fail,pass
task_474,fail,pass
task_475,fail,pass
task_476,fail,pass
task_477,fail,pass
task_478,fail,pass
task_479,fail,pass
task_480,fail,pass
task_481,fail,pass
task_482,fail,pass
task_483,fail,pass
task_484,fail,pass
task_485,fail,pass
task_486,fail,pass
task_487,fail,pass
task_488,fail,pass
task_489,fail,pass
task_490,fail,pass
task_491,fail,pass
task_492,fail,pass
task_493,fail,pass
task_494,fail,pass
task_495,fail,pass
task_496,fail,pass
task_497,fail,pass
task_498,fail,pass
task_499,fail,pass
task_500,fail,pass
task_501,fail,pass
task_502,fail,pass
task_503,fail,pass
task_504,fail,pass
task_505,fail,pass
task_506,fail,pass
task_507,fail,pass
task_508,fail,pass
task_509,fail,pass
task_510,fail,pass
task_511,fail,pass
task_512,fail,pass
task_513,fail,pass
task_514,fail,pass
task_515,fail,pass
task_516,fail,pass
task_517,fail,pass
task_518,fail,pass
task_519,fail,pass
task_520,fail,pass
task_521,fail,pass
task_522,fail,pass
task_523,fail,pass
task_524,fail,pass
task_525,fail,pass
task_526,fail,pass
task_527,fail,pass
task_528,fail,pass
task_529,fail,pass
task_530,fail,pass
task_531,fail,pass
task_532,fail,pass
task_533,fail,pass
task_534,fail,pass
task_535,fail,pass
task_536,fail,pass
task_537,fail,pass
task_538,fail,pass
task_539,fail,pass
task_540,fail,pass
task_541,fail,pass
task_542,fail,pass
task_543,fail,pass
task_544,fail,pass
task_545,fail,pass
task_546,fail,pass
task_547,fail,pass
task_548,fail,pass
task_549,fail,pass
task_550,fail,pass
task_551,fail,pass
task_552,fail,pass
task_553,fail,pass
task_554,fail,pass
task_555,fail,pass
task_556,fail,pass
task_557,fail,pass
task_558,fail,pass
task_559,fail,pass
task_560,fail,pass
task_561,fail,pass
task_562,fail,pass
task_563,fail,pass
task_564,fail,pass
task_565,fail,pass
task_566,fail,pass
task_567,fail,pass
task_568,fail,pass
task_569,fail,pass
task_570,fail,pass
task_571,fail,pass
task_572,fail,pass
task_573,fail,pass
task_574,fail,pass
task_575,fail,pass
task_576,fail,pass
task_577,fail,pass
task_578,fail,pass
task_579,fail,pass
task_580,fail,pass
task_581,fail,pass
task_582,fail,pass
task_583,fail,pass
task_584,fail,pass
task_585,fail,pass
task_586,fail,pass
task_587,fail,pass
task_588,fail,pass
task_589,fail,pass
task_590,fail,pass
task_591,fail,pass
task_592,fail,pass
task_593,fail,pass
task_594,fail,pass
task_595,fail,pass
task_596,fail,pass
task_597,fail,pass
task_598,fail,pass
task_599,fail,pass
task_600,fail,pass
task_601,fail,pass
task_602,fail,pass
task_603,fail,pass
task_604,fail,pass
task_605,fail,pass
task_606,fail,pass
task_607,fail,pass
task_608,fail,pass
task_609,fail,pass
task_610,fail,pass
task_611,fail,pass
task_612,fail,pass
task_613,fail,pass
task_614,fail,pass
task_615,fail,pass
task_616,fail,pass
task_617,fail,pass
task_618,fail,pass
task_619,fail,pass
task_620,fail,pass
task_621,fail,pass
task_622,fail,pass
task_623,fail,pass
task_624,fail,pass
task_625,fail,pass
task_626,fail,pass
task_627,fail,pass
task_628,fail,pass
task_629,fail,pass
task_630,fail,pass
task_631,fail,pass
task_632,fail,pass
task_633,fail,pass
task_634,fail,pass
task_635,fail,pass
task_636,fail,pass
task_637,fail,pass
task_638,fail,pass
task_639,fail,pass
task_640,fail,pass
task_641,fail,pass
task_642,fail,pass
task_643,fail,pass
task_644,fail,pass
task_645,fail,pass
task_646,fail,pass
task_647,fail,pass
task_648,fail,pass
task_649,fail,pass
task_650,fail,pass
task_651,fail,pass
task_652,fail,pass
task_653,fail,pass
task_654,fail,pass
task_655,fail,pass
task_656,fail,pass
task_657,fail,pass
task_658,fail,pass
task_659,fail,pass
task_660,fail,pass
task_661,fail,pass
task_662,fail,pass
task_663,fail,pass
task_664,fail,pass
task_665,fail,pass
task_666,fail,pass
task_667,fail,pass
task_668,fail,pass
task_669,fail,pass
task_670,fail,pass
task_671,fail,pass
task_672,fail,pass
task_673,fail,pass
task_674,fail,pass
task_675,fail,pass
task_676,fail,pass
task_677,fail,pass
task_678,fail,pass
task_679,fail,pass
task_680,fail,pass
task_681,fail,pass
task_682,fail,pass
task_683,fail,pass
task_684,fail,pass
task_685,fail,pass
task_686,fail,pass
task_687,fail,pass
task_688,fail,pass
task_689,fail,pass
task_690,fail,pass
task_691,fail,pass
task_692,fail,pass
task_693,fail,pass
task_694,fail,pass
task_695,fail,pass
task_696,fail,pass
task_697,fail,pass
task_698,fail,pass
task_699,fail,pass
task_700,fail,pass
task_701,fail,pass
task_702,fail,pass
task_703,fail,pass
task_704,fail,pass
task_705,fail,pass
task_706,fail,pass
task_707,fail,pass
task_708,fail,pass
task_709,fail,pass
task_710,fail,pass
task_711,fail,pass
task_712,fail,pass
task_713,fail,pass
task_714,fail,pass
task_715,fail,pass
task_716,fail,pass
task_717,fail,pass
task_718,fail,pass
task_719,fail,pass
task_720,fail,pass
task_721,fail,pass
task_722,fail,pass
task_723,fail,pass
task_724,fail,pass
task_725,fail,pass
task_726,fail,pass
task_727,fail,pass
task_728,fail,pass
task_729,fail,pass
task_730,fail,pass
task_731,fail,pass
task_732,fail,pass
task_733,fail,pass
task_734,fail,pass
task_735,fail,pass
task_736,fail,pass
task_737,fail,pass
task_738,fail,pass
task_739,fail,pass
task_740,fail,pass
task_741,fail,pass
task_742,fail,pass
task_743,fail,pass
task_744,fail,pass
task_745,fail,pass
task_746,fail,pass
task_747,fail,pass
task_748,fail,pass
task_749,fail,pass
task_750,fail,pass
task_751,fail,pass
task_752,fail,pass
task_753,fail,pass
task_754,fail,pass
task_755,fail,pass
task_756,fail,pass
task_757,fail,pass
task_758,fail,pass
task_759,fail,pass
task_760,fail,pass
task_761,fail,pass
task_762,fail,pass
task_763,fail,pass
task_764,fail,pass
task_765,fail,pass
task_766,fail,pass
task_767,fail,pass
task_768,fail,pass
task_769,fail,pass
task_770,fail,pass
task_771,fail,pass
task_772,fail,pass
task_773,fail,pass
task_774,fail,pass
task_775,fail,pass
task_776,fail,pass
task_777,fail,pass
task_778,fail,pass
task_779,fail,pass
task_780,fail,pass
task_781,fail,pass
task_782,fail,pass
task_783,fail,pass
task_784,fail,pass
task_785,fail,pass
task_786,fail,pass
task_787,fail,pass
task_788,fail,pass
task_789,fail,pass
task_790,fail,pass
task_791,fail,pass
task_792,fail,pass
task_793,fail,pass
task_794,fail,pass
task_795,fail,pass
task_796,fail,pass
task_797,fail,pass
task_798,fail,pass
task_799,fail,pass
task_800,fail,pass
task_801,fail,pass
task_802,fail,pass
task_803,fail,pass
task_804,fail,pass
task_805,fail,pass
task_806,fail,pass
task_807,fail,pass
task_808,fail,pass
task_809,fail,pass
task_810,fail,pass
task_811,fail,pass
task_812,fail,pass
task_813,fail,pass
task_814,fail,pass
task_815,fail,pass
task_816,fail,pass
task_817,fail,pass
task_818,fail,pass
task_819,fail,pass
task_820,fail,pass
task_821,fail,pass
task_822,fail,pass
task_823,fail,pass
task_824,fail,pass
task_825,fail,pass
task_826,fail,pass
task_827,fail,pass
task_828,fail,pass
task_829,fail,pass
task_830,fail,pass
task_831,fail,pass
task_832,fail,pass
task_833,fail,pass
task_834,fail,pass
task_835,fail,pass
task_836,fail,pass
task_837,fail,pass
task_838,fail,pass
task_839,fail,pass
task_840,fail,pass
task_841,fail,pass
task_842,fail,pass
task_843,fail,pass
task_844,fail,pass
task_845,fail,pass
task_846,fail,pass
task_847,fail,pass
task_848,fail,pass
task_849,fail,pass
task_850,fail,pass
task_851,fail,pass
task_852,fail,pass
task_853,fail,pass
task_854,fail,pass
task_855,fail,pass
task_856,fail,pass
task_857,fail,pass
task_858,fail,pass
task_859,fail,pass
task_860,fail,pass
task_861,fail,pass
task_862,fail,pass
task_863,fail,pass
task_864,fail,pass
task_865,fail,pass
task_866,fail,pass
task_867,fail,pass
task_868,fail,pass
task_869,fail,pass
task_870,fail,pass
task_871,fail,pass
task_872,fail,pass
task_873,fail,pass
task_874,fail,pass
task_875,fail,pass
task_876,fail,pass
task_877,fail,pass
task_878,fail,pass
task_879,fail,pass
task_880,fail,pass
task_881,fail,pass
task_882,fail,pass
task_883,fail,pass
task_884,fail,pass
task_885,fail,pass
task_886,fail,pass
task_887,fail,pass
task_888,fail,pass
task_889,fail,pass
task_890,fail,pass
task_891,fail,pass
task_892,fail,pass
task_893,fail,pass
task_894,fail,pass
task_895,fail,pass
task_896,fail,pass
task_897,fail,pass
task_898,fail,pass
task_899,fail,pass
task_900,fail,pass
task_901,fail,pass
task_902,fail,pass
task_903,fail,pass
task_904,fail,pass
task_905,fail,pass
task_906,fail,pass
task_907,fail,pass
task_908,fail,pass
task_909,fail,pass
task_910,fail,pass
task_911,fail,pass
task_912,fail,pass
task_913,fail,pass
task_914,fail,pass
task_915,fail,pass
task_916,fail,pass
task_917,fail,pass
task_918,fail,pass
task_919,fail,pass
task_920,fail,pass
task_921,fail,pass
task_922,fail,pass
task_923,fail,pass
task_924,fail,pass
task_925,fail,pass
task_926,fail,pass
task_927,fail,pass
task_928,fail,pass
task_929,fail,pass
task_930,fail,pass
task_931,fail,pass
task_932,fail,pass
task_933,fail,pass
task_934,fail,pass
task_935,fail,pass
task_936,fail,pass
task_937,fail,pass
task_938,fail,pass
task_939,fail,pass
task_940,fail,pass
task_941,fail,pass
task_942,fail,pass
task_943,fail,pass
task_944,fail,pass
task_945,fail,pass
task_946,fail,pass
task_947,fail,pass
task_948,fail,pass
task_949,fail,pass
task_950,fail,pass
task_951,fail,pass
task_952,fail,pass
task_953,fail,pass
task_954,fail,pass
task_955,fail,pass
task_956,fail,pass
task_957,fail,pass
task_958,fail,pass
task_959,fail,pass
task_960,fail,pass
task_961,fail,pass
task_962,fail,pass
task_963,fail,pass
task_964,fail,pass
task_965,fail,pass
task_966,fail,pass
task_967,fail,pass
task_968,fail,pass
task_969,fail,pass
task_970,fail,pass
task_971,fail,pass
task_972,fail,pass
task_973,fail,pass
task_974,fail,pass
task_975,fail,pass
task_976,fail,pass
task_977,fail,pass
task_978,fail,pass
task_979,fail,pass
task_980,fail,pass
task_981,fail,pass
task_982,fail,pass
task_983,fail,pass
task_984,fail,pass
task_985,fail,pass
task_986,fail,pass
task_987,fail,pass
task_988,fail,pass
task_989,fail,pass
task_990,fail,pass
task_991,fail,pass
task_992,fail,pass
task_993,fail,pass
task_994,fail,pass
task_995,fail,pass
task_996,fail,pass
task_997,fail,pass
task_998,fail,pass
task_999,fail,pass
task_1000,fail,pass
task_1001,fail,pass
task_1002,fail,pass
task_1003,fail,pass
task_1004,fail,pass
task_1005,fail,pass
task_1006,fail,pass
task_1007,fail,pass
task_1008,fail,pass
task_1009,fail,pass
task_1010,fail,pass
task_1011,fail,pass
task_1012,fail,pass
task_1013,fail,pass
task_1014,fail,pass
task_1015,fail,pass
task_1016,fail,pass
task_1017,fail,pass
task_1018,fail,pass
task_1019,fail,pass
task_1020,fail,pass
task_1021,fail,pass
task_1022,fail,pass
task_1023,fail,pass
task_1024,fail,pass
task_1025,fail,pass
task_1026,fail,pass
task_1027,fail,pass
task_1028,fail,pass
task_1029,fail,pass
task_1030,fail,pass
task_1031,fail,pass
task_1032,fail,pass
task_1033,fail,pass
task_1034,fail,pass
task_1035,fail,pass
task_1036,fail,pass
task_1037,fail,pass
task_1038,fail,pass
task_1039,fail,pass
task_1040,fail,pass
task_1041,fail,pass
task_1042,fail,pass
task_1043,fail,pass
task_1044,fail,pass
task_1045,fail,pass
task_1046,fail,pass
task_1047,fail,pass
task_1048,fail,pass
task_1049,fail,pass
task_1050,fail,pass
task_1051,fail,pass
task_1052,fail,pass
task_1053,fail,pass
task_1054,fail,pass
task_1055,fail,pass
task_1056,fail,pass
task_1057,fail,pass
task_1058,fail,pass
task_1059,fail,pass
task_1060,fail,pass
task_1061,fail,pass
task_1062,fail,pass
task_1063,fail,pass
task_1064,fail,pass
task_1065,fail,pass
task_1066,fail,pass
task_1067,fail,pass
task_1068,fail,pass
task_1069,fail,pass
task_1070,fail,pass
task_1071,fail,pass
task_1072,fail,pass
task_1073,fail,pass
task_1074,fail,pass
task_1075,fail,pass
task_1076,fail,pass
task_1077,fail,pass
task_1078,fail,pass
task_1079,fail,pass
task_1080,fail,pass
task_1081,fail,pass
task_1082,fail,pass
task_1083,fail,pass
task_1084,fail,pass
task_1085,fail,pass
task_1086,fail,pass
task_1087,fail,pass
task_1088,fail,pass
task_1089,fail,pass
task_1090,fail,pass
task_1091,fail,pass
task_1092,fail,pass
task_1093,fail,pass
task_1094,fail,pass
task_1095,fail,pass
task_1096,fail,pass
task_1097,fail,pass
task_1098,fail,pass
task_1099,fail,pass
task_1100,fail,pass
task_1101,fail,pass
task_1102,fail,pass
task_1103,fail,pass
task_1104,fail,pass
task_1105,fail,pass
task_1106,fail,pass
task_1107,fail,pass
task_1108,fail,pass
task_1109,fail,pass
task_1110,fail,pass
task_1111,fail,pass
task_1112,fail,pass
task_1113,fail,pass
task_1114,fail,pass
task_1115,fail,pass
task_1116,fail,pass
task_1117,fail,pass
task_1118,fail,pass
task_1119,fail,pass
task_1120,fail,pass
task_1121,fail,pass
task_1122,fail,pass
task_1123,fail,pass
task_1124,fail,pass
task_1125,fail,pass
task_1126,fail,pass
task_1127,fail,pass
task_1128,fail,pass
task_1129,fail,pass
task_1130,fail,pass
task_1131,fail,pass
task_1132,fail,pass
task_1133,fail,pass
task_1134,fail,pass
task_1135,fail,pass
task_1136,fail,pass
task_1137,fail,pass
task_1138,fail,pass
task_1139,fail,pass
task_1140,fail,pass
task_1141,fail,pass
task_1142,fail,pass
task_1143,fail,pass
task_1144,fail,pass
task_1145,fail,pass
task_1146,fail,pass
task_1147,fail,pass
task_1148,fail,pass
task_1149,fail,pass
task_1150,fail,pass
task_1151,fail,pass
task_1152,fail,pass
task_1153,fail,pass
task_1154,fail,pass
task_1155,fail,pass
task_1156,fail,pass
task_1157,fail,pass
task_1158,fail,pass
task_1159,fail,pass
task_1160,fail,pass
task_1161,fail,pass
task_1162,fail,pass
task_1163,fail,pass
task_1164,fail,pass
task_1165,fail,pass
task_1166,fail,pass
task_1167,fail,pass
task_1168,fail,pass
task_1169,fail,pass
task_1170,fail,pass
task_1171,fail,pass
task_1172,fail,pass
task_1173,fail,pass
task_1174,fail,pass
task_1175,fail,pass
task_1176,fail,pass
task_1177,fail,pass
task_1178,fail,pass
task_1179,fail,pass
task_1180,fail,pass
task_1181,fail,pass
task_1182,fail,pass
task_1183,fail,pass
task_1184,fail,pass
task_1185,fail,pass
task_1186,fail,pass
task_1187,fail,pass
task_1188,fail,pass
task_1189,fail,pass
task_1190,fail,pass
task_1191,fail,pass
task_1192,fail,pass
task_1193,fail,pass
task_1194,fail,pass
task_1195,fail,pass
task_1196,fail,pass
task_1197,fail,pass
task_1198,fail,pass
task_1199,fail,pass
task_1200,fail,pass
task_1201,fail,pass
task_1202,fail,pass
task_1203,fail,pass
task_1204,fail,pass
task_1205,fail,pass
task_1206,fail,pass
task_1207,fail,pass
task_1208,fail,pass
task_1209,fail,pass
task_1210,fail,pass
task_1211,fail,pass
task_1212,fail,pass
task_1213,fail,pass
task_1214,fail,pass
task_1215,fail,pass
task_1216,fail,pass
task_1217,fail,pass
task_1218,fail,pass
task_1219,fail,pass
task_1220,fail,pass
task_1221,fail,pass
task_1222,fail,pass
task_1223,fail,pass
task_1224,fail,pass
task_1225,fail,pass
task_1226,fail,pass
task_1227,fail,pass
task_1228,fail,pass
task_1229,fail,pass
task_1230,fail,pass
task_1231,fail,pass
task_1232,fail,pass
task_1233,fail,pass
task_1234,fail,pass
task_1235,fail,pass
task_1236,fail,pass
task_1237,fail,pass
task_1238,fail,pass
task_1239,fail,pass
task_1240,fail,pass
task_1241,fail,pass
task_1242,fail,pass
task_1243,fail,pass
task_1244,fail,pass
task_1245,fail,pass
task_1246,fail,pass
task_1247,fail,pass
task_1248,fail,pass
task_1249,fail,pass
task_1250,fail,pass
task_1251,fail,pass
task_1252,fail,pass
task_1253,fail,pass
task_1254,fail,pass
task_1255,fail,pass
task_1256,fail,pass
task_1257,fail,pass
task_1258,fail,pass
task_1259,fail,pass
task_1260,fail,pass
task_1261,fail,pass
task_1262,fail,pass
task_1263,fail,pass
task_1264,fail,pass
task_1265,fail,pass
task_1266,fail,pass
task_1267,fail,pass
task_1268,fail,pass
task_1269,fail,pass
task_1270,fail,pass
task_1271,fail,pass
task_1272,fail,pass
task_1273,fail,pass
task_1274,fail,pass
task_1275,fail,pass
task_1276,fail,pass
task_1277,fail,pass
task_1278,fail,pass
task_1279,fail,pass
task_1280,fail,pass
task_1281,fail,pass
task_1282,fail,pass
task_1283,fail,pass
task_1284,fail,pass
task_1285,fail,pass
task_1286,fail,pass
task_1287,fail,pass
task_1288,fail,pass
task_1289,fail,pass
task_1290,fail,pass
task_1291,fail,pass
task_1292,fail,pass
task_1293,fail,pass
task_1294,fail,pass
task_1295,fail,pass
task_1296,fail,pass
task_1297,fail,pass
task_1298,fail,pass
task_1299,fail,pass
task_1300,fail,pass
task_1301,fail,pass
task_1302,fail,pass
task_1303,fail,pass
task_1304,fail,pass
task_1305,fail,pass
task_1306,fail,pass
task_1307,fail,pass
task_1308,fail,pass
task_1309,fail,pass
task_1310,fail,pass
task_1311,fail,pass
task_1312,fail,pass
task_1313,fail,pass
task_1314,fail,pass
task_1315,fail,pass
task_1316,fail,pass
task_1317,fail,pass
task_1318,fail,pass
task_1319,fail,pass
task_1320,fail,pass
task_1321,fail,pass
task_1322,fail,pass
task_1323,fail,pass
task_1324,fail,pass
task_1325,fail,pass
task_1326,fail,pass
task_1327,fail,pass
task_1328,fail,pass
task_1329,fail,pass
task_1330,fail,pass
task_1331,fail,pass
task_1332,fail,pass
task_1333,fail,pass
task_1334,fail,pass
task_1335,fail,pass
task_1336,fail,pass
task_1337,fail,pass
task_1338,fail,pass
task_1339,fail,pass
task_1340,fail,pass
task_1341,fail,pass
task_1342,fail,pass
task_1343,fail,pass
task_1344,fail,pass
task_1345,fail,pass
task_1346,fail,pass
task_1347,fail,pass
task_1348,fail,pass
task_1349,fail,pass
task_1350,fail,pass
task_1351,fail,pass
task_1352,fail,pass
task_1353,fail,pass
task_1354,fail,pass
task_1355,fail,pass
task_1356,fail,pass
task_1357,fail,pass
task_1358,fail,pass
task_1359,fail,pass
task_1360,fail,pass
task_1361,fail,pass
task_1362,fail,pass
task_1363,fail,pass
task_1364,fail,pass
task_1365,fail,pass
task_1366,fail,pass
task_1367,fail,pass
task_1368,fail,pass
task_1369,fail,pass
task_1370,fail,pass
task_1371,fail,pass
task_1372,fail,pass
task_1373,fail,pass
task_1374,fail,pass
task_1375,fail,pass
task_1376,fail,pass
task_1377,fail,pass
task_1378,fail,pass
task_1379,fail,pass
task_1380,fail,pass
task_1381,fail,pass
task_1382,fail,pass
task_1383,fail,pass
task_1384,fail,pass
task_1385,fail,pass
task_1386,fail,pass
task_1387,fail,pass
task_1388,fail,pass
task_1389,fail,pass
task_1390,fail,pass
task_1391,fail,pass
task_1392,fail,pass
task_1393,fail,pass
task_1394,fail,pass
task_1395,fail,pass
task_1396,fail,pass
task_1397,fail,pass
task_1398,fail,pass
task_1399,fail,pass
task_1400,fail,pass
task_1401,fail,pass
task_1402,fail,pass
task_1403,fail,pass
task_1404,fail,pass
task_1405,fail,pass
task_1406,fail,pass
task_1407,fail,pass
task_1408,fail,pass
task_1409,fail,pass
task_1410,fail,pass
task_1411,fail,pass
task_1412,fail,pass
task_1413,fail,pass
task_1414,fail,pass
task_1415,fail,pass
task_1416,fail,pass
task_1417,fail,pass
task_1418,fail,pass
task_1419,fail,pass
task_1420,fail,pass
task_1421,fail,pass
task_1422,fail,pass
task_1423,fail,pass
task_1424,fail,pass
task_1425,fail,pass
task_1426,fail,pass
task_1427,fail,pass
task_1428,fail,pass
task_1429,fail,pass
task_1430,fail,pass
task_1431,fail,pass
task_1432,fail,pass
task_1433,fail,pass
task_1434,fail,pass
task_1435,fail,pass
task_1436,fail,pass
task_1437,fail,pass
task_1438,fail,pass
task_1439,fail,pass
task_1440,fail,pass
task_1441,fail,pass
task_1442,fail,pass
task_1443,fail,pass
task_1444,fail,pass
task_1445,fail,pass
task_1446,fail,pass
task_1447,fail,pass
task_1448,fail,pass
task_1449,fail,pass
task_1450,fail,pass
task_1451,fail,pass
task_1452,fail,pass
task_1453,fail,pass
task_1454,fail,pass
task_1455,fail,pass
task_1456,fail,pass
task_1457,fail,pass
task_1458,fail,pass
task_1459,fail,pass
task_1460,fail,pass
task_1461,fail,pass
task_1462,fail,pass
task_1463,fail,pass
task_1464,fail,pass
task_1465,fail,pass
task_1466,fail,pass
task_1467,fail,pass
task_1468,fail,pass
task_1469,fail,pass
task_1470,fail,pass
task_1471,fail,pass
task_1472,fail,pass
task_1473,fail,pass
task_1474,fail,pass
task_1475,fail,pass
task_1476,fail,pass
task_1477,fail,pass
task_1478,fail,pass
task_1479,fail,pass
task_1480,fail,pass
task_1481,fail,pass
task_1482,fail,pass
task_1483,fail,pass
task_1484,fail,pass
task_1485,fail,pass
task_1486,fail,pass
task_1487,fail,pass
task_1488,fail,pass
task_1489,fail,pass
task_1490,fail,pass
task_1491,fail,pass
task_1492,fail,pass
task_1493,fail,pass
task_1494,fail,pass
task_1495,fail,pass
task_1496,fail,pass
task_1497,fail,pass
task_1498,fail,pass
task_1499,fail,pass
task_1500,fail,pass
task_1501,fail,pass
task_1502,fail,pass
task_1503,fail,pass
task_1504,fail,pass
task_1505,fail,pass
task_1506,fail,pass
task_1507,fail,pass
task_1508,fail,pass
task_1509,fail,pass
task_1510,fail,pass
task_1511,fail,pass
task_1512,fail,pass
task_1513,fail,pass
task_1514,fail,pass
task_1515,fail,pass
task_1516,fail,pass
task_1517,fail,pass
task_1518,fail,pass
task_1519,fail,pass
task_1520,fail,pass
task_1521,fail,pass
task_1522,fail,pass
task_1523,fail,pass
task_1524,fail,pass
task_1525,fail,pass
task_1526,fail,pass
task_1527,fail,pass
task_1528,fail,pass
task_1529,fail,pass
task_1530,fail,pass
task_1531,fail,pass
task_1532,fail,pass
task_1533,fail,pass
task_1534,fail,pass
task_1535,fail,pass
task_1536,fail,pass
task_1537,fail,pass
task_1538,fail,pass
task_1539,fail,pass
task_1540,fail,pass
task_1541,fail,pass
task_1542,fail,pass
task_1543,fail,pass
task_1544,fail,pass
task_1545,fail,pass
task_1546,fail,pass
task_1547,fail,pass
task_1548,fail,pass
task_1549,fail,pass
task_1550,fail,pass
task_1551,fail,pass
task_1552,fail,pass
task_1553,fail,pass
task_1554,fail,pass
task_1555,fail,pass
task_1556,fail,pass
task_1557,fail,pass
task_1558,fail,pass
task_1559,fail,pass
task_1560,fail,pass
task_1561,fail,pass
task_1562,fail,pass
task_1563,fail,pass
task_1564,fail,pass
task_1565,fail,pass
task_1566,fail,pass
task_1567,fail,pass
task_1568,fail,pass
task_1569,fail,pass
task_1570,fail,pass
task_1571,fail,pass
task_1572,fail,pass
task_1573,fail,pass
task_1574,fail,pass
task_1575,fail,pass
task_1576,fail,pass
task_1577,fail,pass
task_1578,fail,pass
task_1579,fail,pass
task_1580,fail,pass
task_1581,fail,pass
task_1582,fail,pass
task_1583,fail,pass
task_1584,fail,pass
task_1585,fail,pass
task_1586,fail,pass
task_1587,fail,pass
task_1588,fail,pass
task_1589,fail,pass
task_1590,fail,pass
task_1591,fail,pass
task_1592,fail,pass
task_1593,fail,pass
task_1594,fail,pass
task_1595,fail,pass
task_1596,fail,pass
task_1597,fail,pass
task_1598,fail,pass
task_1599,fail,pass
task_1600,fail,pass
task_1601,fail,pass
task_1602,fail,pass
task_1603,fail,pass
task_1604,fail,pass
task_1605,fail,pass
task_1606,fail,pass
task_1607,fail,pass
task_1608,fail,pass
task_1609,fail,pass
task_1610,fail,pass
task_1611,fail,pass
task_1612,fail,pass
task_1613,fail,pass
task_1614,fail,pass
task_1615,fail,pass
task_1616,fail,pass
task_1617,fail,pass
task_1618,fail,pass
task_1619,fail,pass
task_1620,fail,pass
task_1621,fail,pass
task_1622,fail,pass
task_1623,fail,pass
task_1624,fail,pass
task_1625,fail,pass
task_1626,fail,pass
task_1627,fail,pass
task_1628,fail,pass
task_1629,fail,pass
task_1630,fail,pass
task_1631,fail,pass
task_1632,fail,pass
task_1633,fail,pass
task_1634,fail,pass
task_1635,fail,pass
task_1636,fail,pass
task_1637,fail,pass
task_1638,fail,pass
task_1639,fail,pass
task_1640,fail,pass
task_1641,fail,pass
task_1642,fail,pass
task_1643,fail,pass
task_1644,fail,pass
task_1645,fail,pass
task_1646,fail,pass
task_1647,fail,pass
task_1648,fail,pass
task_1649,fail,pass
task_1650,fail,pass
task_1651,fail,pass
task_1652,fail,pass
task_1653,fail,pass
task_1654,fail,pass
task_1655,fail,pass
task_1656,fail,pass
task_1657,fail,pass
task_1658,fail,pass
task_1659,fail,pass
task_1660,fail,pass
task_1661,fail,pass
task_1662,fail,pass
task_1663,fail,pass
task_1664,fail,pass
task_1665,fail,pass
task_1666,fail,pass
task_1667,fail,pass
task_1668,fail,pass
task_1669,fail,pass
task_1670,fail,pass
task_1671,fail,pass
task_1672,fail,pass
task_1673,fail,pass
task_1674,fail,pass
task_1675,fail,pass
task_1676,fail,pass
task_1677,fail,pass
task_1678,fail,pass
task_1679,fail,pass
task_1680,fail,pass
task_1681,fail,pass
task_1682,fail,pass
task_1683,fail,pass
task_1684,fail,pass
task_1685,fail,pass
task_1686,fail,pass
task_1687,fail,pass
task_1688,fail,pass
task_1689,fail,pass
task_1690,fail,pass
task_1691,fail,pass
task_1692,fail,pass
task_1693,fail,pass
task_1694,fail,pass
task_1695,fail,pass
task_1696,fail,pass
task_1697,fail,pass
task_1698,fail,pass
task_1699,fail,pass
task_1700,fail,pass
task_1701,fail,pass
task_1702,fail,pass
task_1703,fail,pass
task_1704,fail,pass
task_1705,fail,pass
task_1706,fail,pass
task_1707,fail,pass
task_1708,fail,pass
task_1709,fail,pass
task_1710,fail,pass
task_1711,fail,pass
task_1712,fail,pass
task_1713,fail,pass
task_1714,fail,pass
task_1715,fail,pass
task_1716,fail,pass
task_1717,fail,pass
task_1718,fail,pass
task_1719,fail,pass
task_1720,fail,pass
task_1721,fail,pass
task_1722,fail,pass
task_1723,fail,pass
task_1724,fail,pass
task_1725,fail,pass
task_1726,fail,pass
task_1727,fail,pass
task_1728,fail,pass
task_1729,fail,pass
task_1730,fail,pass
task_1731,fail,pass
task_1732,fail,pass
task_1733,fail,pass
task_1734,fail,pass
task_1735,fail,pass
task_1736,fail,pass
task_1737,fail,pass
task_1738,fail,pass
task_1739,fail,pass
task_1740,fail,pass
task_1741,fail,pass
task_1742,fail,pass
task_1743,fail,pass
task_1744,fail,pass
task_1745,fail,pass
task_1746,fail,pass
task_1747,fail,pass
task_1748,fail,pass
task_1749,fail,pass
task_1750,fail,pass
task_1751,fail,pass
task_1752,fail,pass
task_1753,fail,pass
task_1754,fail,pass
task_1755,fail,pass
task_1756,fail,pass
task_1757,fail,pass
task_1758,fail,pass
task_1759,fail,pass
task_1760,fail,pass
task_1761,fail,pass
task_1762,fail,pass
task_1763,fail,pass
task_1764,fail,pass
task_1765,fail,pass
task_1766,fail,pass
task_1767,fail,pass
task_1768,fail,pass
task_1769,fail,pass
task_1770,fail,pass
task_1771,fail,pass
task_1772,fail,pass
task_1773,fail,pass
task_1774,fail,pass
task_1775,fail,pass
task_1776,fail,pass
task_1777,fail,pass
task_1778,fail,pass
task_1779,fail,pass
task_1780,fail,pass
task_1781,fail,pass
task_1782,fail,pass
task_1783,fail,pass
task_1784,fail,pass
task_1785,fail,pass
task_1786,fail,pass
task_1787,fail,pass
task_1788,fail,pass
task_1789,fail,pass
task_1790,fail,pass
task_1791,fail,pass
task_1792,fail,pass
task_1793,fail,pass
task_1794,fail,pass
task_1795,fail,pass
task_1796,fail,pass
task_1797,fail,pass
task_1798,fail,pass
task_1799,fail,pass
task_1800,fail,pass
task_1801,fail,pass
task_1802,fail,pass
task_1803,fail,pass
task_1804,fail,pass
task_1805,fail,pass
task_1806,fail,pass
task_1807,fail,pass
task_1808,fail,pass
task_1809,fail,pass
task_1810,fail,pass
task_1811,fail,pass
task_1812,fail,pass
task_1813,fail,pass
task_1814,fail,pass
task_1815,fail,pass
task_1816,fail,pass
task_1817,fail,pass
task_1818,fail,pass
task_1819,fail,pass
task_1820,fail,pass
task_1821,fail,pass
task_1822,fail,pass
task_1823,fail,pass
task_1824,fail,pass
task_1825,fail,pass
task_1826,fail,pass
task_1827,fail,pass
task_1828,fail,pass
task_1829,fail,pass
task_1830,fail,pass
task_1831,fail,pass
task_1832,fail,pass
task_1833,fail,pass
task_1834,fail,pass
task_1835,fail,pass
task_1836,fail,pass
task_1837,fail,pass
task_1838,fail,pass
task_1839,fail,pass
task_1840,fail,pass
task_1841,fail,pass
task_1842,fail,pass
task_1843,fail,pass
task_1844,fail,pass
task_1845,fail,pass
task_1846,fail,pass
task_1847,fail,pass
task_1848,fail,pass
task_1849,fail,pass
task_1850,fail,pass
task_1851,fail,pass
task_1852,fail,pass
task_1853,fail,pass
task_1854,fail,pass
task_1855,fail,pass
task_1856,fail,pass
task_1857,fail,pass
task_1858,fail,pass
task_1859,fail,pass
task_1860,fail,pass
task_1861,fail,pass
task_1862,fail,pass
task_1863,fail,pass
task_1864,fail,pass
task_1865,fail,pass
task_1866,fail,pass
task_1867,fail,pass
task_1868,fail,pass
task_1869,fail,pass
task_1870,fail,pass
task_1871,fail,pass
task_1872,fail,pass
task_1873,fail,pass
task_1874,fail,pass
task_1875,fail,pass
task_1876,fail,pass
task_1877,fail,pass
task_1878,fail,pass
task_1879,fail,pass
task_1880,fail,pass
task_1881,fail,pass
task_1882,fail,pass
task_1883,fail,pass
task_1884,fail,pass
task_1885,fail,pass
task_1886,fail,pass
task_1887,fail,pass
task_1888,fail,pass
task_1889,fail,pass
task_1890,fail,pass
task_1891,fail,pass
task_1892,fail,pass
task_1893,fail,pass
task_1894,fail,pass
task_1895,fail,pass
task_1896,fail,pass
task_1897,fail,pass
task_1898,fail,pass
task_1899,fail,pass
task_1900,fail,pass
task_1901,fail,pass
task_1902,fail,pass
task_1903,fail,pass
task_1904,fail,pass
task_1905,fail,pass
task_1906,fail,pass
task_1907,fail,pass
task_1908,fail,pass
task_1909,fail,pass
task_1910,fail,pass
task_1911,fail,pass
task_1912,fail,pass
task_1913,fail,pass
task_1914,fail,pass
task_1915,fail,pass
task_1916,fail,pass
task_1917,fail,pass
task_1918,fail,pass
task_1919,fail,pass
task_1920,fail,pass
task_1921,fail,pass
task_1922,fail,pass
task_1923,fail,pass
task_1924,fail,pass
task_1925,fail,pass
task_1926,fail,pass
task_1927,fail,pass
task_1928,fail,pass
task_1929,fail,pass
task_1930,fail,pass
task_1931,fail,pass
task_1932,fail,pass
task_1933,fail,pass
task_1934,fail,pass
task_1935,fail,pass
task_1936,fail,pass
task_1937,fail,pass
task_1938,fail,pass
task_1939,fail,pass
task_1940,fail,pass
task_1941,fail,pass
task_1942,fail,pass
task_1943,fail,pass
task_1944,fail,pass
task_1945,fail,pass
task_1946,fail,pass
task_1947,fail,pass
task_1948,fail,pass
task_1949,fail,pass
task_1950,fail,pass
task_1951,fail,pass
task_1952,fail,pass
task_1953,fail,pass
task_1954,fail,pass
task_1955,fail,pass
task_1956,fail,pass
task_1957,fail,pass
task_1958,fail,pass
task_1959,fail,pass
task_1960,fail,pass
task_1961,fail,pass
task_1962,fail,pass
task_1963,fail,pass
task_1964,fail,pass
task_1965,fail,pass
task_1966,fail,pass
task_1967,fail,pass
task_1968,fail,pass
task_1969,fail,pass
task_1970,fail,pass
task_1971,fail,pass
task_1972,fail,pass
task_1973,fail,pass
task_1974,fail,pass
task_1975,fail,pass
task_1976,fail,pass
task_1977,fail,pass
task_1978,fail,pass
task_1979,fail,pass
task_1980,fail,pass
task_1981,fail,pass
task_1982,fail,pass
task_1983,fail,pass
task_1984,fail,pass
task_1985,fail,pass
task_1986,fail,pass
task_1987,fail,pass
task_1988,fail,pass
task_1989,fail,pass
task_1990,fail,pass
task_1991,fail,pass
task_1992,fail,pass
task_1993,fail,pass
task_1994,fail,pass
task_1995,fail,pass
task_1996,fail,pass
task_1997,fail,pass
task_1998,fail,pass
task_1999,fail,pass
task_2000,fail,pass
task_2001,fail,pass
task_2002,fail,pass
task_2003,fail,pass
task_2004,fail,pass
task_2005,fail,pass
task_2006,fail,pass
task_2007,fail,pass
task_2008,fail,pass
task_2009,fail,pass
task_2010,fail,pass
task_2011,fail,pass
task_2012,fail,pass
task_2013,fail,pass
task_2014,fail,pass
task_2015,fail,pass
task_2016,fail,pass
task_2017,fail,pass
task_2018,fail,pass
task_2019,fail,pass
task_2020,fail,pass
task_2021,fail,pass
task_2022,fail,pass
task_2023,fail,pass
task_2024,fail,pass
task_2025,fail,pass
task_2026,fail,pass
task_2027,fail,pass
task_2028,fail,pass
task_2029,fail,pass
task_2030,fail,pass
task_2031,fail,pass
task_2032,fail,pass
task_2033,fail,pass
task_2034,fail,pass
task_2035,fail,pass
task_2036,fail,pass
task_2037,fail,pass
task_2038,fail,pass
task_2039,fail,pass
task_2040,fail,pass
task_2041,fail,pass
task_2042,fail,pass
task_2043,fail,pass
task_2044,fail,pass
task_2045,fail,pass
task_2046,fail,pass
task_2047,fail,pass
task_2048,fail,pass
task_2049,fail,pass
task_2050,fail,pass
task_2051,fail,pass
task_2052,fail,pass
task_2053,fail,pass
task_2054,fail,pass
task_2055,fail,pass
task_2056,fail,pass
task_2057,fail,pass
task_2058,fail,pass
task_2059,fail,pass
task_2060,fail,pass
task_2061,fail,pass
task_2062,fail,pass
task_2063,fail,pass
task_2064,fail,pass
task_2065,fail,pass
task_2066,fail,pass
task_2067,fail,pass
task_2068,fail,pass
task_2069,fail,pass
task_2070,fail,pass
task_2071,fail,pass
task_2072,fail,pass
task_2073,fail,pass
task_2074,fail,pass
task_2075,fail,pass
task_2076,fail,pass
task_2077,fail,pass
task_2078,fail,pass
task_2079,fail,pass
task_2080,fail,pass
task_2081,fail,pass
task_2082,fail,pass
task_2083,fail,pass
task_2084,fail,pass
task_2085,fail,pass
task_2086,fail,pass
task_2087,fail,pass
task_2088,fail,pass
task_2089,fail,pass
task_2090,fail,pass
task_2091,fail,pass
task_2092,fail,pass
task_2093,fail,pass
task_2094,fail,pass
task_2095,fail,pass
task_2096,fail,pass
task_2097,fail,pass
task_2098,fail,pass
task_2099,fail,pass
task_2100,fail,pass
task_2101,fail,pass
task_2102,fail,pass
task_2103,fail,pass
task_2104,fail,pass
task_2105,fail,pass
task_2106,fail,pass
task_2107,fail,pass
task_2108,fail,pass
task_2109,fail,pass
task_2110,fail,pass
task_2111,fail,pass
task_2112,fail,pass
task_2113,fail,pass
task_2114,fail,pass
task_2115,fail,pass
task_2116,fail,pass
task_2117,fail,pass
task_2118,fail,pass
task_2119,fail,pass
task_2120,fail,pass
task_2121,fail,pass
task_2122,fail,pass
task_2123,fail,pass
task_2124,fail,pass
task_2125,fail,pass
task_2126,fail,pass
task_2127,fail,pass
task_2128,fail,pass
task_2129,fail,pass
task_2130,fail,pass
task_2131,fail,pass
task_2132,fail,pass
task_2133,fail,pass
task_2134,fail,pass
task_2135,fail,pass
task_2136,fail,pass
task_2137,fail,pass
task_2138,fail,pass
task_2139,fail,pass
task_2140,fail,pass
task_2141,fail,pass
task_2142,fail,pass
task_2143,fail,pass
task_2144,fail,pass
task_2145,fail,pass
task_2146,fail,pass
task_2147,fail,pass
task_2148,fail,pass
task_2149,fail,pass
task_2150,fail,pass
task_2151,fail,pass
task_2152,fail,pass
task_2153,fail,pass
task_2154,fail,pass
task_2155,fail,pass
task_2156,fail,pass
task_2157,fail,pass
task_2158,fail,pass
task_2159,fail,pass
task_2160,fail,pass
task_2161,fail,pass
task_2162,fail,pass
task_2163,fail,pass
task_2164,fail,pass
task_2165,fail,pass
task_2166,fail,pass
task_2167,fail,pass
task_2168,fail,pass
task_2169,fail,pass
task_2170,fail,pass
task_2171,fail,pass
task_2172,fail,pass
task_2173,fail,pass
task_2174,fail,pass
task_2175,fail,pass
task_2176,fail,pass
task_2177,fail,pass
task_2178,fail,pass
task_2179,fail,pass
task_2180,fail,pass
task_2181,fail,pass
task_2182,fail,pass
task_2183,fail,pass
task_2184,fail,pass
task_2185,fail,pass
task_2186,fail,pass
task_2187,fail,pass
task_2188,fail,pass
task_2189,fail,pass
task_2190,fail,pass
task_2191,fail,pass
task_2192,fail,pass
task_2193,fail,pass
task_2194,fail,pass
task_2195,fail,pass
task_2196,fail,pass
task_2197,fail,pass
task_2198,fail,pass
task_2199,fail,pass
task_2200,fail,pass
task_2201,fail,pass
task_2202,fail,pass
task_2203,fail,pass
task_2204,fail,pass
task_2205,fail,pass
task_2206,fail,pass
task_2207,fail,pass
task_2208,fail,pass
task_2209,fail,pass
task_2210,fail,pass
task_2211,fail,pass
task_2212,fail,pass
task_2213,fail,pass
task_2214,fail,pass
task_2215,fail,pass
task_2216,fail,pass
task_2217,fail,pass
task_2218,fail,pass
task_2219,fail,pass
task_2220,fail,pass
task_2221,fail,pass
task_2222,fail,pass
task_2223,fail,pass
task_2224,fail,pass
task_2225,fail,pass
task_2226,fail,pass
task_2227,fail,pass
task_2228,fail,pass
task_2229,fail,pass
task_2230,fail,pass
task_2231,fail,pass
task_2232,fail,pass
task_2233,fail,pass
task_2234,fail,pass
task_2235,fail,pass
task_2236,fail,pass
task_2237,fail,pass
task_2238,fail,pass
task_2239,fail,pass
task_2240,fail,pass
task_2241,fail,pass
task_2242,fail,pass
task_2243,fail,pass
task_2244,fail,pass
task_2245,fail,pass
task_2246,fail,pass
task_2247,fail,pass
task_2248,fail,pass
task_2249,fail,pass
task_2250,fail,pass
task_2251,fail,pass
task_2252,fail,pass
task_2253,fail,pass
task_2254,fail,pass
task_2255,fail,pass
task_2256,fail,pass
task_2257,fail,pass
task_2258,fail,pass
task_2259,fail,pass
task_2260,fail,pass
task_2261,fail,pass
task_2262,fail,pass
task_2263,fail,pass
task_2264,fail,pass
task_2265,fail,pass
task_2266,fail,pass
task_2267,fail,pass
task_2268,fail,pass
task_2269,fail,pass
task_2270,fail,pass
task_2271,fail,pass
task_2272,fail,pass
task_2273,fail,pass
task_2274,fail,pass
task_2275,fail,pass
task_2276,fail,pass
task_2277,fail,pass
task_2278,fail,pass
task_2279,fail,pass
task_2280,fail,pass
task_2281,fail,pass
task_2282,fail,pass
task_2283,fail,pass
task_2284,fail,pass
task_2285,fail,pass
task_2286,fail,pass
task_2287,fail,pass
task_2288,fail,pass
task_2289,fail,pass
task_2290,fail,pass
task_2291,fail,pass
task_2292,fail,pass
task_2293,fail,pass
task_2294,fail,pass
task_2295,fail,pass
task_2296,fail,pass
task_2297,fail,pass
task_2298,fail,pass
task_2299,fail,pass
task_2300,fail,pass
task_2301,fail,pass
task_2302,fail,pass
task_2303,fail,pass
task_2304,fail,pass
task_2305,fail,pass
task_2306,fail,pass
task_2307,fail,pass
task_2308,fail,pass
task_2309,fail,pass
task_2310,fail,pass
task_2311,fail,pass
task_2312,fail,pass
task_2313,fail,pass
task_2314,fail,pass
task_2315,fail,pass
task_2316,fail,pass
task_2317,fail,pass
task_2318,fail,pass
task_2319,fail,pass
task_2320,fail,pass
task_2321,fail,pass
